IMG_8913.jpg,r1bq1rk1/p3ppbp/1p1p1np1/nBpP4/4P3/5N1P/PPP2PP1/R1BQ1RK1
IMG_8914.jpg,r1bq1rk1/p3ppbp/1p1p1np1/nBpP4/4P3/5N1P/PPP2PP1/R1BQ1RK1
IMG_8915.jpg,r1bq1rk1/p3ppbp/1p1p1np1/nBpP4/4P3/5N1P/PPP2PP1/R1BQ1RK1
IMG_8916.jpg,r1bq1rk1/p3ppbp/1p1p1np1/nBpP4/4P3/5N1P/PPP2PP1/R1BQ1RK1
IMG_8917.jpg,r1bq1rk1/p3ppbp/1p1p1np1/nBpP4/4P3/5N1P/PPP2PP1/R1BQ1RK1
IMG_8918.jpg,r1bq1rk1/p3ppbp/1p1p1np1/nBpP4/4P3/5N1P/PPP2PP1/R1BQ1RK1
IMG_8919.jpg,r1bq1rk1/p3ppbp/1p1p1np1/nBpP4/4P3/5N1P/PPP2PP1/R1BQ1RK1
IMG_8920.jpg,r1bq1rk1/p3ppbp/1p1p1np1/nBpP4/4P3/5N1P/PPP2PP1/R1BQ1RK1
IMG_8921.jpg,r1bq1rk1/p3ppbp/1p1p1np1/nBpP4/4P3/5N1P/PPP2PP1/R1BQ1RK1
IMG_8922.jpg,r1bq1rk1/p3ppbp/1p1p1np1/nBpP4/4P3/5N1P/PPP2PP1/R1BQ1RK1
IMG_8923.jpg,r1bq1rk1/p3ppbp/1p1p1np1/nBpP4/4P3/5N1P/PPP2PP1/R1BQ1RK1
IMG_8924.jpg,r1bq1rk1/p3ppbp/1p1p1np1/nBpP4/4P3/5N1P/PPP2PP1/R1BQ1RK1
IMG_8925.jpg,r1bq1rk1/p3ppbp/1p1p1np1/nBpP4/4P3/5N1P/PPP2PP1/R1BQ1RK1
IMG_8926.jpg,r1bq1rk1/p3ppbp/1p1p1np1/nBpP4/4P3/5N1P/PPP2PP1/R1BQ1RK1
IMG_8927.jpg,r1bq1rk1/p3ppbp/1p1p1np1/nBpP4/4P3/5N1P/PPP2PP1/R1BQ1RK1
IMG_8928.jpg,r1bq1rk1/p3ppbp/1p1p1np1/nBpP4/4P3/5N1P/PPP2PP1/R1BQ1RK1
IMG_8929.jpg,r1bq1rk1/p3ppbp/1p1p1np1/nBpP4/4P3/5N1P/PPP2PP1/R1BQ1RK1
IMG_8930.jpg,r1bq1rk1/p3ppbp/1p1p1np1/nBpP4/4P3/5N1P/PPP2PP1/R1BQ1RK1
IMG_8931.jpg,r1bq1rk1/p3ppbp/1p1p1np1/nBpP4/4P3/5N1P/PPP2PP1/R1BQ1RK1
IMG_8932.jpg,r1bq1rk1/p3ppbp/1p1p1np1/nBpP4/4P3/5N1P/PPP2PP1/R1BQ1RK1
IMG_8933.jpg,r1bq1rk1/p3ppbp/1p1p1np1/nBpP4/4P3/5N1P/PPP2PP1/R1BQ1RK1
IMG_8934.jpg,r1bq1rk1/p3ppbp/1p1p1np1/nBpP4/4P3/5N1P/PPP2PP1/R1BQ1RK1
IMG_8935.jpg,r1bq1rk1/p3ppbp/1p1p1np1/nBpP4/4P3/5N1P/PPP2PP1/R1BQ1RK1
IMG_8936.jpg,r1bq1rk1/p3ppbp/1p1p1np1/nBpP4/4P3/5N1P/PPP2PP1/R1BQ1RK1
IMG_8937.jpg,r1bq1rk1/p3ppbp/1p1p1np1/nBpP4/4P3/5N1P/PPP2PP1/R1BQ1RK1
IMG_8938.jpg,r1bq1rk1/p3ppbp/1p1p1np1/nBpP4/4P3/5N1P/PPP2PP1/R1BQ1RK1
IMG_8939.jpg,r1bq1rk1/p3ppbp/1p1p1np1/nBpP4/4P3/5N1P/PPP2PP1/R1BQ1RK1
IMG_8940.jpg,r1bq1rk1/p3ppbp/1p1p1np1/nBpP4/4P3/5N1P/PPP2PP1/R1BQ1RK1
IMG_8941.jpg,r1bq1rk1/p3ppbp/1p1p1np1/nBpP4/4P3/5N1P/PPP2PP1/R1BQ1RK1
IMG_8942.jpg,r1bq1rk1/p3ppbp/1p1p1np1/nBpP4/4P3/5N1P/PPP2PP1/R1BQ1RK1
IMG_8943.jpg,r1bq1rk1/p3ppbp/1p1p1np1/nBpP4/4P3/5N1P/PPP2PP1/R1BQ1RK1
IMG_8944.jpg,r1bq1rk1/p3ppbp/1p1p1np1/nBpP4/4P3/5N1P/PPP2PP1/R1BQ1RK1
IMG_8945.jpg,r1bq1rk1/p3ppbp/1p1p1np1/nBpP4/4P3/5N1P/PPP2PP1/R1BQ1RK1
IMG_8946.jpg,r1bq1rk1/p3ppbp/1p1p1np1/nBpP4/4P3/5N1P/PPP2PP1/R1BQ1RK1
IMG_8947.jpg,r1bq1rk1/p3ppbp/1p1p1np1/nBpP4/4P3/5N1P/PPP2PP1/R1BQ1RK1
